Hatchback;four-wheel;covered
Hatchback, Convertible;four-wheel;glazed
Wagon;four-wheel;reclining
Sedan;four-wheel;reclining
Van/Minivan;rear;reclining
Sedan;front-wheel;covered
Coupe, Sedan, Wagon, Convertible;four-wheel;covered
Sedan;rear;covered
Van/Minivan;rear;covered
SUV;rear;reclining
Sedan;front-wheel;covered
SUV;four-wheel;reclining
SUV;rear;covered
Pickup;rear;covered
Van/Minivan;four-wheel;covered
Sedan;rear;glazed
Sedan;four-wheel;glazed
SUV;four-wheel;glazed
Sedan;front-wheel;covered
Convertible;four-wheel;reclining
Pickup;four-wheel;reclining
SUV;front-wheel;glazed
Sedan;rear;covered
Pickup;front-wheel;glazed
Pickup;four-wheel;covered
SUV;rear;glazed
Wagon, Sedan;four-wheel;covered
Sedan;front-wheel;reclining
Pickup;rear;glazed
Hatchback;front-wheel;covered
SUV;front-wheel;glazed
SUV;front-wheel;reclining
Sedan;front-wheel;reclining
Pickup;four-wheel;covered
Sedan;front-wheel;reclining
SUV;four-wheel;reclining
Wagon;rear;reclining
Hatchback;front-wheel;covered
SUV;rear;covered
Wagon;rear;glazed
Pickup;four-wheel;covered
Coupe;rear;glazed
Hatchback;four-wheel;reclining
Convertible;rear;reclining
Sedan;four-wheel;reclining
Sedan;front-wheel;reclining
SUV;four-wheel;covered
Sedan;four-wheel;reclining
SUV;four-wheel;reclining
Sedan;rear;covered
Coupe;four-wheel;reclining
Van/Minivan;four-wheel;covered
SUV;front-wheel;covered
Convertible;four-wheel;covered
SUV;front-wheel;covered
Hatchback;rear;glazed
Hatchback;rear;reclining
SUV;rear;covered
SUV;front-wheel;glazed
Van/Minivan;front-wheel;glazed
Sedan;four-wheel;reclining
Coupe;four-wheel;glazed
Pickup;four-wheel;covered
Sedan;front-wheel;glazed
Pickup;rear;glazed
SUV;four-wheel;glazed
Sedan, Convertible;four-wheel;reclining
Hatchback;rear;glazed
Sedan;rear;reclining
Hatchback;rear;reclining
Pickup;front-wheel;reclining
Hatchback;front-wheel;reclining
SUV;four-wheel;glazed
Coupe, Convertible;four-wheel;covered
Convertible;rear;covered
SUV;rear;reclining
Van/Minivan;front-wheel;covered
Hatchback;front-wheel;covered
Sedan;front-wheel;reclining
Convertible;rear;reclining
SUV;front-wheel;covered
Pickup;four-wheel;reclining
Van/Minivan;rear;reclining
SUV;front-wheel;reclining
Convertible;four-wheel;covered
Pickup;front-wheel;glazed
Pickup;four-wheel;glazed
Van/Minivan;front-wheel;covered
Van/Minivan;four-wheel;covered
Sedan;four-wheel;glazed
Sedan, Wagon;four-wheel;glazed
Coupe, Sedan;front-wheel;glazed
SUV;front-wheel;reclining
Van/Minivan;front-wheel;reclining
Pickup;front-wheel;glazed
Van/Minivan;front-wheel;covered
Sedan;front-wheel;covered
Coupe;four-wheel;glazed
SUV;rear;covered
Sedan, Coupe, Convertible;four-wheel;covered
Convertible;four-wheel;covered
Sedan;rear;reclining
Van/Minivan;front-wheel;glazed
Pickup;four-wheel;glazed
Pickup;rear;reclining
SUV;rear;glazed
SUV;four-wheel;reclining
Sedan, Coupe;rear;glazed
SUV;rear;glazed
Sedan, Wagon;rear;covered
Pickup;front-wheel;reclining
Van/Minivan;rear;reclining
Van/Minivan;front-wheel;reclining
Sedan;rear;covered
Van/Minivan;rear;reclining
Convertible;front-wheel;reclining
Sedan;four-wheel;covered
Coupe, Sedan;four-wheel;covered
SUV;front-wheel;covered
SUV;four-wheel;reclining
Coupe;front-wheel;reclining
Pickup;front-wheel;glazed
SUV;four-wheel;glazed
SUV;front-wheel;reclining
Pickup;rear;covered
SUV;four-wheel;reclining
Van/Minivan;front-wheel;covered
Sedan;front-wheel;covered
Coupe, Convertible;four-wheel;covered
SUV;rear;reclining
Sedan, Coupe;front-wheel;glazed
Coupe, Sedan;front-wheel;glazed
Van/Minivan;rear;reclining
Van/Minivan;rear;reclining
Hatchback;front-wheel;reclining
Sedan;four-wheel;covered
SUV;rear;glazed
SUV;rear;reclining
Sedan;front-wheel;reclining
Sedan;front-wheel;covered
SUV;rear;reclining
Coupe, Sedan;front-wheel;covered
Van/Minivan;four-wheel;glazed
Van/Minivan;rear;reclining
SUV;rear;glazed
Van/Minivan;rear;reclining
Convertible, Coupe;front-wheel;covered
SUV;four-wheel;glazed
SUV;rear;reclining
Coupe, Sedan, Wagon;rear;glazed
Coupe;front-wheel;glazed
SUV;four-wheel;reclining
SUV;four-wheel;covered
Van/Minivan;rear;glazed
SUV;four-wheel;reclining
Coupe;rear;covered
Hatchback, Convertible;rear;glazed
Pickup;four-wheel;covered
SUV;rear;reclining
Coupe;front-wheel;covered
Van/Minivan;four-wheel;covered
Wagon;four-wheel;glazed
SUV;rear;reclining
Sedan, Convertible;rear;glazed
Pickup;front-wheel;glazed
Van/Minivan;front-wheel;glazed
Hatchback;front-wheel;glazed
SUV;four-wheel;reclining
Pickup;front-wheel;reclining
Sedan, Coupe;four-wheel;reclining
Sedan;four-wheel;glazed
Sedan;rear;reclining
Sedan;four-wheel;glazed
Coupe;front-wheel;glazed
Hatchback;rear;glazed
Sedan, Wagon;front-wheel;reclining
SUV;front-wheel;glazed
SUV;four-wheel;reclining
Hatchback;four-wheel;reclining
Sedan;rear;reclining
Wagon, Sedan;rear;reclining
Convertible;rear;reclining
Convertible, Sedan;front-wheel;reclining
SUV;front-wheel;glazed
Coupe;four-wheel;covered
SUV;front-wheel;reclining
Hatchback;front-wheel;glazed
SUV;four-wheel;reclining
SUV;four-wheel;reclining
SUV;rear;covered
Sedan;rear;covered
Coupe, Sedan;four-wheel;covered
Van/Minivan;front-wheel;glazed
SUV;front-wheel;covered
Sedan;rear;glazed
Pickup;front-wheel;reclining
SUV;rear;covered
Pickup;four-wheel;reclining
Sedan;rear;reclining
Coupe, Sedan, Wagon, Convertible;front-wheel;covered
Wagon;four-wheel;reclining
SUV;four-wheel;reclining
Wagon;four-wheel;glazed
Convertible;front-wheel;glazed
Hatchback, Sedan;front-wheel;glazed
SUV;four-wheel;glazed
Sedan;four-wheel;reclining
Pickup;rear;covered
Sedan;rear;glazed
SUV;rear;covered
Pickup;front-wheel;reclining
Van/Minivan;rear;reclining
SUV;rear;reclining
Coupe, Convertible;four-wheel;glazed
SUV;front-wheel;glazed
Hatchback;rear;glazed
Sedan;four-wheel;covered
Van/Minivan;four-wheel;glazed
Convertible;front-wheel;covered
SUV;four-wheel;glazed
SUV;four-wheel;glazed
Sedan;four-wheel;glazed
Convertible, Coupe;four-wheel;covered
Sedan;front-wheel;reclining
Sedan;front-wheel;glazed
Coupe;rear;reclining
Pickup;rear;covered
Pickup;front-wheel;covered
Hatchback;rear;reclining
Pickup;rear;reclining
Wagon;four-wheel;covered
Van/Minivan;front-wheel;covered
SUV;four-wheel;glazed
Van/Minivan;front-wheel;reclining
Pickup;rear;glazed
Sedan;four-wheel;covered
Coupe;front-wheel;reclining
SUV;rear;glazed
Van/Minivan;rear;glazed
Convertible, Coupe;four-wheel;glazed
Sedan;front-wheel;glazed
Coupe, Convertible;four-wheel;covered
Wagon;front-wheel;glazed
Convertible;four-wheel;covered
SUV;rear;reclining
SUV;four-wheel;glazed
Van/Minivan;four-wheel;glazed
Sedan;rear;reclining
Van/Minivan;four-wheel;reclining
Sedan;front-wheel;covered
SUV;front-wheel;covered
Pickup;rear;glazed
Van/Minivan;rear;reclining
Hatchback;front-wheel;covered
Van/Minivan;four-wheel;glazed
Hatchback;rear;covered
Coupe, Sedan, Wagon, Convertible;rear;covered
Sedan;front-wheel;glazed
Pickup;four-wheel;covered
Sedan;rear;reclining
Coupe;front-wheel;covered
Sedan;rear;glazed
Sedan, Wagon;front-wheel;covered
Convertible, Sedan;four-wheel;glazed
SUV;front-wheel;glazed
Sedan;front-wheel;reclining
Sedan;rear;covered
Sedan;rear;reclining
SUV;front-wheel;glazed
Van/Minivan;rear;covered
Sedan;four-wheel;covered
Hatchback;four-wheel;reclining
SUV;front-wheel;covered
Wagon, SUV;rear;covered
SUV;four-wheel;covered
Sedan;rear;reclining
SUV;rear;glazed
Pickup;front-wheel;reclining
Convertible;four-wheel;glazed
Coupe, Convertible;front-wheel;covered
Sedan;four-wheel;covered
Pickup;rear;glazed
Van/Minivan;rear;glazed
SUV;rear;reclining
SUV;front-wheel;covered
Sedan, Convertible;four-wheel;glazed
Pickup;four-wheel;glazed
SUV;four-wheel;reclining
SUV;rear;glazed
SUV;four-wheel;covered
Pickup;front-wheel;covered
Pickup;rear;covered
Van/Minivan;front-wheel;reclining
SUV;four-wheel;glazed
Hatchback;front-wheel;glazed
Van/Minivan;four-wheel;covered
SUV;four-wheel;glazed
SUV;rear;glazed
SUV;rear;reclining
Coupe;front-wheel;glazed
Convertible;four-wheel;reclining
Pickup;rear;glazed
Coupe;rear;covered
Pickup;front-wheel;covered
SUV;front-wheel;glazed
Pickup;rear;glazed
Sedan, Wagon;rear;glazed
Convertible;front-wheel;reclining
Convertible, Sedan;front-wheel;glazed
Sedan;front-wheel;covered
Coupe;rear;covered
Sedan, Wagon;front-wheel;covered
Van/Minivan;rear;covered
Hatchback, Convertible;front-wheel;glazed
SUV;four-wheel;covered
Hatchback;rear;covered
Pickup;front-wheel;glazed
Hatchback, Convertible;four-wheel;glazed
Pickup;four-wheel;reclining
Sedan;rear;covered
Coupe;front-wheel;reclining
SUV;rear;glazed
SUV;front-wheel;covered
SUV;four-wheel;covered
Pickup;rear;covered
Sedan;four-wheel;reclining
Coupe;front-wheel;reclining
Coupe;front-wheel;glazed
Van/Minivan;front-wheel;reclining
Pickup;four-wheel;glazed
Wagon, Sedan;four-wheel;covered
SUV;front-wheel;reclining
Coupe;four-wheel;covered
Pickup;front-wheel;glazed
Wagon;rear;glazed
Van/Minivan;four-wheel;reclining
Van/Minivan;front-wheel;glazed
SUV;front-wheel;glazed
SUV;front-wheel;reclining
Pickup;front-wheel;reclining
Pickup;four-wheel;reclining
Van/Minivan;front-wheel;glazed
Coupe;four-wheel;glazed
Sedan;rear;reclining
Coupe, Convertible;front-wheel;reclining
Hatchback;four-wheel;reclining
Sedan;rear;reclining
Coupe;four-wheel;reclining
SUV;front-wheel;reclining
Pickup;front-wheel;reclining
Pickup;front-wheel;covered
Sedan;four-wheel;covered
Pickup;rear;reclining
Hatchback;front-wheel;reclining
Sedan, Convertible;four-wheel;glazed
Coupe;front-wheel;reclining
Hatchback;front-wheel;glazed
Sedan;front-wheel;covered
Hatchback;front-wheel;reclining
SUV;rear;reclining
SUV;rear;reclining
Wagon, Sedan;front-wheel;covered
SUV;rear;reclining
Van/Minivan;front-wheel;reclining
Wagon;front-wheel;covered
Sedan, Wagon;front-wheel;glazed
Pickup;rear;reclining
SUV;four-wheel;reclining
SUV;rear;covered
SUV;rear;reclining
Wagon;rear;reclining
SUV;front-wheel;reclining
Pickup;rear;glazed
Wagon;front-wheel;covered
Hatchback;rear;reclining
Pickup;rear;glazed
Wagon;four-wheel;reclining
Pickup;four-wheel;covered
Hatchback;four-wheel;glazed
SUV;front-wheel;reclining
Convertible;four-wheel;covered
Sedan;rear;covered
SUV;four-wheel;glazed
Sedan;four-wheel;covered
Sedan;four-wheel;reclining
Sedan;rear;covered
Pickup;front-wheel;reclining
Van/Minivan;four-wheel;covered
Coupe, Sedan;four-wheel;reclining
Coupe, Sedan;front-wheel;glazed
Hatchback;rear;glazed
Pickup;rear;glazed
Wagon;front-wheel;reclining
Pickup;rear;covered
Sedan;rear;covered
Coupe;front-wheel;glazed
Coupe, Sedan;front-wheel;covered
SUV;rear;covered
SUV;front-wheel;covered
Pickup;front-wheel;reclining
SUV;front-wheel;reclining
Van/Minivan;rear;reclining
Hatchback;four-wheel;reclining
Convertible, Coupe;four-wheel;reclining
Hatchback;front-wheel;reclining
Van/Minivan;rear;reclining
Wagon, Convertible;front-wheel;reclining
Coupe;rear;covered
SUV;four-wheel;glazed
Sedan;front-wheel;covered
Van/Minivan;rear;glazed
Convertible;four-wheel;covered
Convertible;front-wheel;reclining
Van/Minivan;four-wheel;reclining
Van/Minivan;front-wheel;glazed
Hatchback;front-wheel;covered
Van/Minivan;four-wheel;glazed
Coupe, Hatchback, Sedan;four-wheel;covered
Pickup;front-wheel;covered
Hatchback;front-wheel;reclining
Pickup;rear;reclining
Pickup;four-wheel;reclining
Sedan;front-wheel;glazed
SUV;rear;covered
Convertible;front-wheel;covered
Coupe;front-wheel;reclining
Wagon;front-wheel;covered
Hatchback;rear;covered
SUV;four-wheel;glazed
Van/Minivan;front-wheel;reclining
Pickup;four-wheel;covered
Pickup;front-wheel;glazed
SUV;rear;reclining
Van/Minivan;four-wheel;reclining
Van/Minivan;rear;glazed
Pickup;four-wheel;covered
Hatchback;four-wheel;glazed
Pickup;four-wheel;reclining
Pickup;front-wheel;covered
Van/Minivan;front-wheel;reclining
Sedan, Coupe;front-wheel;glazed
Coupe;four-wheel;covered
SUV;four-wheel;covered
Pickup;front-wheel;reclining
Coupe;front-wheel;reclining
Sedan;front-wheel;covered
Coupe;rear;reclining
Coupe, Sedan;front-wheel;reclining
SUV;four-wheel;reclining
Hatchback;rear;reclining
Coupe, Sedan;four-wheel;reclining
SUV;front-wheel;glazed
Convertible;front-wheel;reclining
Van/Minivan;rear;reclining
SUV;four-wheel;reclining
Van/Minivan;front-wheel;glazed
Van/Minivan;four-wheel;covered
SUV;four-wheel;glazed
Sedan;four-wheel;covered
Sedan;rear;glazed
Sedan;four-wheel;covered
Sedan;rear;reclining
Coupe, Sedan;rear;glazed
Sedan;four-wheel;glazed
SUV;front-wheel;covered
Van/Minivan;four-wheel;reclining
Convertible;four-wheel;reclining
Sedan;front-wheel;covered
Van/Minivan;rear;reclining
Sedan;four-wheel;glazed
Wagon, Convertible;front-wheel;glazed
SUV;rear;glazed
SUV;rear;glazed
Sedan;front-wheel;covered
Sedan;four-wheel;glazed
SUV;rear;reclining
Hatchback;rear;covered
SUV;four-wheel;glazed
Hatchback;rear;reclining
Coupe;front-wheel;covered
Sedan;four-wheel;reclining
SUV;front-wheel;glazed
Van/Minivan;front-wheel;covered
Hatchback;rear;glazed
Coupe, Convertible;four-wheel;covered
Pickup;rear;covered
Coupe;four-wheel;reclining
Coupe, Convertible;front-wheel;glazed
Van/Minivan;front-wheel;reclining
Sedan;four-wheel;reclining
Pickup;rear;reclining
Hatchback;four-wheel;covered
Sedan;rear;reclining
Pickup;rear;glazed
Hatchback;rear;reclining
SUV;rear;reclining
Pickup;four-wheel;glazed
Pickup;front-wheel;reclining
Sedan;rear;reclining
Pickup;front-wheel;reclining
Wagon;four-wheel;covered
SUV;rear;reclining
Van/Minivan;rear;covered
Hatchback;front-wheel;reclining
Van/Minivan;rear;reclining
SUV;rear;glazed
Van/Minivan;four-wheel;reclining
Van/Minivan;four-wheel;covered
Sedan, Wagon;four-wheel;glazed
Coupe, Convertible;front-wheel;glazed
SUV;four-wheel;reclining
Hatchback;rear;reclining
SUV;rear;glazed
Sedan;front-wheel;covered
SUV;front-wheel;glazed
Pickup;rear;covered
SUV;rear;reclining
Hatchback;four-wheel;glazed
SUV;four-wheel;glazed
SUV;rear;glazed
Pickup;front-wheel;covered
Pickup;front-wheel;reclining
Pickup;four-wheel;glazed
SUV;rear;reclining
SUV;front-wheel;reclining
Sedan;front-wheel;glazed
Sedan, Wagon;front-wheel;glazed
SUV;rear;reclining
SUV;rear;glazed
Sedan;front-wheel;reclining
Coupe;rear;glazed
Wagon;rear;covered
SUV;four-wheel;reclining
Pickup;rear;reclining
Pickup;front-wheel;reclining
SUV;rear;reclining
Coupe;front-wheel;glazed
Hatchback;rear;glazed
Sedan;four-wheel;glazed
Pickup;front-wheel;covered
Wagon;front-wheel;reclining
Coupe, Sedan;front-wheel;covered
Sedan;four-wheel;covered
Van/Minivan;rear;covered
Pickup;rear;reclining
SUV;rear;glazed
Coupe;four-wheel;reclining
SUV;front-wheel;glazed
Wagon;rear;glazed
SUV;rear;glazed
Sedan, Coupe;front-wheel;covered
SUV;four-wheel;glazed
SUV;front-wheel;reclining
Coupe, Sedan;rear;covered
Sedan;four-wheel;glazed
SUV;front-wheel;covered
Sedan;rear;covered
Wagon;four-wheel;glazed
Sedan;rear;reclining
Hatchback;four-wheel;reclining
Coupe;front-wheel;glazed
Coupe;front-wheel;reclining
Van/Minivan;front-wheel;glazed
Convertible;rear;reclining
Wagon;rear;glazed
Coupe;front-wheel;covered
Van/Minivan;rear;reclining
Coupe;front-wheel;covered
Van/Minivan;rear;reclining
Sedan;front-wheel;glazed
Sedan;front-wheel;reclining
SUV;rear;reclining
Coupe;rear;glazed
Wagon, Sedan;front-wheel;covered
Wagon;four-wheel;glazed
Coupe, Convertible;front-wheel;covered
Van/Minivan;front-wheel;glazed
Coupe;four-wheel;covered
Convertible;rear;reclining
SUV;rear;covered
Hatchback, Sedan;front-wheel;reclining
Sedan;rear;reclining
SUV;four-wheel;reclining
Sedan;rear;covered
Van/Minivan;four-wheel;reclining
Coupe;rear;reclining
Convertible;four-wheel;glazed
Pickup;rear;glazed
Wagon;rear;glazed
Wagon;rear;reclining
Coupe, Convertible;rear;covered
Sedan;rear;covered
SUV;front-wheel;glazed
SUV;four-wheel;reclining
Van/Minivan;four-wheel;covered
Pickup;front-wheel;covered
Wagon;four-wheel;reclining
Van/Minivan;front-wheel;glazed
Sedan;four-wheel;covered
SUV;four-wheel;reclining
Wagon, Sedan;rear;reclining
Pickup;front-wheel;covered
SUV;four-wheel;covered
Coupe;rear;covered
Sedan;four-wheel;reclining
Sedan, Convertible;rear;glazed
SUV;front-wheel;glazed
Wagon;rear;glazed
Sedan;front-wheel;glazed
Coupe;front-wheel;covered
Sedan, Wagon;rear;glazed
SUV;front-wheel;covered
Hatchback;front-wheel;reclining
Sedan, Wagon;four-wheel;covered
SUV;four-wheel;reclining
SUV;rear;covered
Van/Minivan;rear;glazed
Hatchback;rear;covered
Sedan;front-wheel;glazed
Sedan;front-wheel;covered
Convertible, Coupe;front-wheel;glazed
SUV;front-wheel;glazed
Sedan;rear;reclining
Wagon, Sedan;rear;glazed
Sedan;front-wheel;covered
Pickup;rear;glazed
Van/Minivan;rear;covered
Hatchback;front-wheel;covered
Sedan;front-wheel;reclining
Coupe, Sedan;rear;reclining
Pickup;rear;glazed
SUV;four-wheel;glazed
Van/Minivan;front-wheel;covered
SUV;four-wheel;covered
Coupe;rear;glazed
Wagon;four-wheel;reclining
Sedan;rear;reclining
Van/Minivan;four-wheel;covered
Van/Minivan;four-wheel;covered
SUV;rear;glazed
SUV;rear;glazed
Pickup;four-wheel;covered
Pickup;front-wheel;covered
SUV;front-wheel;reclining
Pickup;rear;glazed
Van/Minivan;rear;reclining
SUV;rear;glazed
Hatchback;rear;reclining
Coupe, Sedan, Wagon, Convertible;rear;glazed
Pickup;four-wheel;covered
Van/Minivan;rear;covered
Sedan;rear;covered
SUV;four-wheel;glazed
Coupe, Sedan, Wagon, Convertible;front-wheel;reclining
SUV;rear;glazed
Sedan, Convertible;front-wheel;reclining
SUV;four-wheel;covered
Sedan;front-wheel;reclining
Van/Minivan;front-wheel;reclining
Van/Minivan;rear;covered
SUV;rear;reclining
Pickup;rear;reclining
SUV;four-wheel;glazed
SUV;rear;reclining
Wagon;rear;covered
Coupe;front-wheel;reclining
Hatchback;four-wheel;reclining
Van/Minivan;front-wheel;reclining
Pickup;front-wheel;reclining
Convertible;four-wheel;covered
SUV;four-wheel;covered
Pickup;rear;reclining
Coupe, Convertible;front-wheel;glazed
SUV;four-wheel;glazed
Hatchback;front-wheel;covered
Convertible;front-wheel;covered
SUV;rear;reclining
SUV;rear;covered
SUV;four-wheel;glazed
Convertible, Coupe;four-wheel;reclining
Pickup;front-wheel;reclining
Wagon;four-wheel;covered
Pickup;rear;reclining
Coupe;four-wheel;reclining
Pickup;four-wheel;covered
Pickup;four-wheel;glazed
Convertible, Coupe;four-wheel;covered
SUV;rear;reclining
Coupe;rear;glazed
SUV;four-wheel;glazed
Sedan;rear;covered
Sedan;front-wheel;glazed
Sedan;four-wheel;covered
Van/Minivan;front-wheel;covered
Coupe;front-wheel;covered
Pickup;rear;glazed
Pickup;front-wheel;covered
Sedan;front-wheel;reclining
Pickup;rear;reclining
SUV;four-wheel;reclining
Sedan, Hatchback;front-wheel;reclining
Sedan;four-wheel;glazed
Sedan;front-wheel;glazed
SUV;rear;covered
Hatchback, Sedan;front-wheel;glazed
Coupe, Convertible;rear;reclining
Pickup;four-wheel;glazed
Coupe;front-wheel;glazed
SUV;rear;glazed
Van/Minivan;front-wheel;glazed
Sedan;four-wheel;glazed
SUV;front-wheel;glazed
Van/Minivan;front-wheel;covered
SUV;four-wheel;covered
Van/Minivan;front-wheel;covered
SUV;four-wheel;reclining
SUV;four-wheel;glazed
Coupe;four-wheel;reclining
SUV;rear;glazed
SUV;four-wheel;reclining
Van/Minivan;four-wheel;covered
Sedan;front-wheel;glazed
Van/Minivan;front-wheel;glazed
SUV;rear;reclining
Sedan;four-wheel;glazed
Wagon, Sedan;rear;covered
Pickup;four-wheel;reclining
Hatchback, Sedan;four-wheel;glazed
SUV;four-wheel;glazed
SUV;rear;reclining
SUV;four-wheel;glazed
SUV;rear;reclining
Wagon;four-wheel;covered
SUV;front-wheel;covered
Van/Minivan;rear;covered
SUV;rear;reclining
Coupe, Convertible;front-wheel;glazed
SUV;rear;reclining
Coupe;front-wheel;covered
Sedan;front-wheel;covered
SUV;rear;covered
Coupe, Sedan, Wagon, Convertible;rear;covered
Wagon;rear;glazed
SUV;four-wheel;glazed
Hatchback;rear;reclining
Van/Minivan;rear;covered
Sedan;rear;reclining
Convertible;four-wheel;covered
Pickup;four-wheel;glazed
SUV;front-wheel;covered
SUV;rear;reclining
SUV;front-wheel;reclining
Hatchback;four-wheel;covered
Pickup;four-wheel;glazed
Pickup;front-wheel;reclining
SUV;rear;glazed
SUV;front-wheel;covered
Wagon;front-wheel;glazed
Hatchback, Sedan;four-wheel;covered
Pickup;rear;covered
Sedan;four-wheel;glazed
Convertible, Coupe;four-wheel;glazed
SUV;four-wheel;covered
Wagon;front-wheel;glazed
Wagon;front-wheel;reclining
SUV;front-wheel;reclining
Pickup;rear;glazed
Van/Minivan;four-wheel;glazed
Pickup;front-wheel;covered
SUV;front-wheel;glazed
Convertible;rear;glazed
Sedan, Convertible;four-wheel;covered
Sedan, Wagon;rear;glazed
Van/Minivan;four-wheel;reclining
Van/Minivan;rear;reclining
Van/Minivan;four-wheel;reclining
Sedan;rear;covered
Wagon;front-wheel;covered
Convertible;front-wheel;glazed
Van/Minivan;four-wheel;covered
Sedan;front-wheel;covered
Hatchback, Sedan, Convertible;four-wheel;covered
Sedan;four-wheel;glazed
Sedan;four-wheel;reclining
Sedan, Wagon;front-wheel;glazed
Wagon, Sedan;four-wheel;glazed
Sedan;rear;covered
Sedan;rear;reclining
Sedan;rear;covered
SUV;four-wheel;covered
Sedan;rear;glazed
Coupe, Convertible;rear;covered
Wagon;front-wheel;glazed
SUV;rear;glazed
Van/Minivan;four-wheel;glazed
Coupe, Hatchback, Sedan;rear;reclining
Pickup;rear;glazed
Pickup;four-wheel;covered
Sedan, Coupe;front-wheel;reclining
Van/Minivan;four-wheel;covered
Coupe;front-wheel;reclining
SUV;rear;reclining
Coupe, Sedan;four-wheel;reclining
Sedan;rear;reclining
Sedan;rear;glazed
Wagon;rear;reclining
Sedan;rear;reclining
Pickup;four-wheel;reclining
SUV;rear;covered
Wagon, SUV;four-wheel;reclining
Sedan;rear;reclining
Coupe, Convertible;four-wheel;reclining
SUV;four-wheel;covered
Pickup;rear;reclining
SUV;front-wheel;reclining
Van/Minivan;front-wheel;glazed
Sedan;front-wheel;glazed
Sedan;front-wheel;reclining
SUV;front-wheel;glazed
SUV;front-wheel;glazed
Van/Minivan;front-wheel;glazed
Pickup;front-wheel;glazed
Sedan;four-wheel;glazed
Van/Minivan;front-wheel;glazed
SUV;front-wheel;glazed
SUV;front-wheel;glazed
Sedan, Coupe, Convertible;rear;covered
Sedan, Wagon;rear;glazed
Van/Minivan;rear;covered
Pickup;rear;reclining
Convertible;rear;glazed
Coupe;rear;glazed
Pickup;four-wheel;reclining
Hatchback;front-wheel;covered
Sedan;front-wheel;reclining
Sedan, Wagon;front-wheel;glazed
Pickup;four-wheel;glazed
Coupe;four-wheel;covered
Wagon;four-wheel;glazed
Coupe, Convertible;rear;reclining
Sedan;front-wheel;covered
Sedan;front-wheel;covered
Wagon, Sedan;front-wheel;covered
Sedan, Wagon;four-wheel;covered
Coupe;four-wheel;covered
Van/Minivan;rear;glazed
SUV;four-wheel;reclining
Sedan;rear;covered
Sedan;rear;glazed
SUV;rear;glazed
Sedan;rear;reclining
SUV;front-wheel;covered
Convertible;rear;covered
Convertible;rear;covered
Pickup;rear;covered
SUV;front-wheel;reclining
Van/Minivan;front-wheel;reclining
Pickup;rear;covered
Hatchback;front-wheel;covered
Van/Minivan;rear;reclining
Pickup;rear;glazed
Van/Minivan;rear;glazed
Pickup;four-wheel;covered
Sedan, Wagon;rear;reclining
SUV;four-wheel;covered
SUV;front-wheel;reclining
Sedan;rear;covered
Van/Minivan;four-wheel;covered
Sedan;rear;reclining
Pickup;front-wheel;glazed
Coupe, Convertible;rear;covered
Wagon;four-wheel;reclining
Pickup;front-wheel;reclining
Hatchback;four-wheel;reclining
Coupe, Sedan;four-wheel;reclining
Convertible, Sedan, Coupe;four-wheel;covered
Van/Minivan;four-wheel;reclining
Sedan;front-wheel;reclining
Pickup;rear;glazed
SUV;rear;reclining
Pickup;rear;reclining
Sedan;front-wheel;reclining
Wagon;four-wheel;reclining
Van/Minivan;four-wheel;glazed
SUV;four-wheel;reclining
Van/Minivan;front-wheel;glazed
Convertible;rear;covered
Sedan;four-wheel;glazed
Pickup;rear;reclining
Coupe;rear;reclining
SUV;four-wheel;glazed
Pickup;four-wheel;reclining
Sedan;rear;covered
Wagon;rear;glazed
Pickup;four-wheel;glazed
Sedan;rear;glazed
Van/Minivan;rear;reclining
SUV;front-wheel;glazed
Sedan;front-wheel;glazed
Sedan;four-wheel;covered
SUV;four-wheel;covered
Wagon;four-wheel;glazed
Van/Minivan;four-wheel;glazed
Van/Minivan;rear;covered
Sedan;four-wheel;reclining
Sedan;rear;glazed
SUV;front-wheel;glazed
SUV;rear;reclining
Pickup;four-wheel;reclining
Wagon, Sedan;rear;reclining
Sedan;rear;reclining
SUV;front-wheel;reclining
SUV;four-wheel;glazed
Sedan;rear;covered
Sedan, Wagon;front-wheel;glazed
SUV;rear;covered
Sedan;rear;reclining
SUV;rear;reclining
SUV;front-wheel;reclining
SUV;front-wheel;glazed
Pickup;front-wheel;reclining
Pickup;rear;glazed
Hatchback;four-wheel;glazed
Van/Minivan;four-wheel;reclining
Coupe, Sedan;rear;glazed
Pickup;rear;covered
Coupe;four-wheel;covered
SUV;four-wheel;reclining
SUV;front-wheel;covered
Van/Minivan;front-wheel;glazed
Coupe, Sedan, Wagon;four-wheel;reclining
Convertible;rear;covered
SUV;rear;glazed
Pickup;front-wheel;reclining
Pickup;rear;glazed
Pickup;front-wheel;glazed
Coupe;front-wheel;reclining
Van/Minivan;front-wheel;glazed
Sedan, Coupe;four-wheel;glazed
Convertible;front-wheel;glazed
Van/Minivan;rear;glazed
Wagon;front-wheel;covered
Sedan, Coupe;front-wheel;reclining
Sedan;rear;glazed
SUV;four-wheel;reclining
Sedan;front-wheel;glazed
Convertible;front-wheel;covered
Pickup;rear;glazed
SUV;rear;covered
Hatchback, Sedan;rear;glazed
Pickup;front-wheel;covered
Convertible;four-wheel;glazed
Sedan, Wagon;front-wheel;covered
SUV;four-wheel;reclining
Pickup;rear;reclining
Coupe;four-wheel;glazed
Van/Minivan;front-wheel;glazed
Pickup;front-wheel;reclining
Pickup;front-wheel;covered
Pickup;front-wheel;covered
SUV;front-wheel;reclining
Sedan;rear;glazed
Coupe, Convertible;rear;reclining
Sedan;rear;reclining
Coupe;rear;glazed
Sedan;rear;covered
SUV;rear;glazed
Van/Minivan;rear;covered
Van/Minivan;front-wheel;glazed
Hatchback, Sedan;front-wheel;reclining
Van/Minivan;four-wheel;reclining
SUV;four-wheel;covered
Van/Minivan;front-wheel;reclining
Van/Minivan;four-wheel;reclining
Sedan;front-wheel;covered
Pickup;four-wheel;covered
Sedan;front-wheel;glazed
Van/Minivan;rear;reclining
SUV;front-wheel;reclining
Van/Minivan;rear;covered
Hatchback;four-wheel;covered
SUV;rear;covered
Pickup;front-wheel;covered
Sedan;front-wheel;covered
Pickup;four-wheel;covered
Sedan;four-wheel;reclining
Sedan;front-wheel;covered
SUV;front-wheel;reclining
Sedan;four-wheel;covered
Sedan, Hatchback;four-wheel;glazed
Pickup;four-wheel;reclining
SUV;rear;reclining
Van/Minivan;four-wheel;glazed
SUV;rear;covered
Sedan;four-wheel;covered
Van/Minivan;four-wheel;reclining
Pickup;rear;glazed
Convertible;rear;glazed
Wagon, Convertible;four-wheel;reclining
Sedan;rear;covered
